City,Country
ostrovnoy,RU
mahebourg,MU
qaanaaq,GL
zhuhai,CN
cape town,ZA
atuona,PF
flinders,AU
opuwo,NA
tiksi,RU
pushkinskiye gory,RU
aykhal,RU
castro,CL
avarua,CK
saskylakh,RU
constitucion,MX
albany,US
vilyuysk,RU
ushuaia,AR
bambous virieux,MU
kodinsk,RU
teknaf,BD
busselton,AU
ambon,FR
maragogi,BR
fallon,US
kantang,TH
colonelganj,IN
punta arenas,CL
rikitea,PF
new norfolk,AU
gobabis,NA
qingdao,CN
port hardy,CA
arman,RU
mamakan,RU
bethel,US
clinton,US
varhaug,NO
ayan,TR
mayor pablo lagerenza,PY
hermanus,ZA
torbay,CA
yellowknife,CA
kruisfontein,ZA
puerto ayora,EC
rosita,NI
beloha,MG
port elizabeth,US
port alfred,ZA
garchitorena,PH
kodiak,US
mar del plata,AR
taybad,IR
cabo san lucas,MX
tiarei,PF
khatanga,RU
pisco,PE
kolyvan,RU
hofn,IS
bontang,ID
sault sainte marie,CA
zhigansk,RU
thompson,CA
pevek,RU
nanortalik,GL
bilibino,RU
dikson,RU
hambantota,LK
beja,PT
fortuna,ES
ponta do sol,BR
qasigiannguit,GL
butaritari,KI
virginia beach,US
hobyo,SO
saint george,GR
pontes e lacerda,BR
khor,RU
crotone,IT
baglung,NP
raglan,NZ
jamestown,AU
sur,OM
araouane,ML
emerald,AU
launceston,AU
nikolskoye,RU
ambilobe,MG
cidreira,BR
ternate,PH
tarauaca,BR
bella vista,AR
xichang,CN
antioch,US
najran,SA
agirish,RU
mataura,NZ
katsuura,JP
shalinskoye,RU
barrow,AR
sorong,ID
kingston,CA
ketchikan,US
kapaa,US
mbigou,GA
yakeshi,CN
hilo,US
whitehorse,CA
bonthe,SL
bara,NG
lompoc,US
port blair,IN
bredasdorp,ZA
thinadhoo,MV
koumac,NC
faanui,PF
xam nua,LA
east london,ZA
sao filipe,CV
deputatskiy,RU
chuy,UY
sitka,US
forio,IT
russkaya polyana,RU
san felipe,CL
arraial do cabo,BR
margate,AU
aklavik,CA
lokosovo,RU
paita,PE
cravo norte,CO
motygino,RU
west wendover,US
adrar,DZ
melfi,IT
kibaya,RW
iqaluit,CA
lavrentiya,RU
morondava,MG
vaini,IN
georgetown,GY
sanchazi,CN
sarai mir,IN
yichun,CN
plainview,US
comodoro rivadavia,AR
nardaran,AZ
nagua,DO
ibra,OM
ganzhou,CN
talnakh,RU
coahuayana,MX
sinnamary,GF
porto novo,BR
havoysund,NO
bjornevatn,NO
narsaq,GL
charlestown,US
trat,TH
manado,ID
trapani,IT
sao joao da barra,BR
saint-philippe,CA
haines junction,CA
kathmandu,NP
norman wells,CA
brainerd,US
yumen,CN
straumen,NO
camacha,PT
teya,MX
vitim,RU
antsohihy,MG
kavieng,PG
la esperanza,HN
clyde river,CA
nador,MA
keflavik,IS
faya,SA
chokurdakh,RU
le marin,MQ
tasiilaq,GL
udachnyy,RU
monrovia,LR
burnie,AU
kaitangata,NZ
yamada,JP
mackay,CA
lagoa,PT
bluff,AU
saint-georges,CA
naryan-mar,RU
port hedland,AU
hithadhoo,MV
beringovskiy,RU
codrington,AU
ilulissat,GL
coquimbo,CL
grand baie,MU
kaabong,UG
lazaro cardenas,MX
luanda,AO
rio gallegos,AR
namatanai,PG
severo-kurilsk,RU
hutang,CN
namioka,JP
mnogovershinnyy,RU
san rafael del sur,NI
paamiut,GL
ribeira grande,PT
labuhan,ID
mount gambier,AU
pesca,CO
mount isa,AU
le port,FR
hobart,AU
dublin,IE
salalah,OM
beisfjord,NO
ust-tsilma,RU
marawi,PH
samana,EC
koronowo,PL
ekimchan,RU
carnarvon,ZA
saint-denis,FR
tabas,IR
san pedro,AR
aketi,CD
moses lake,US
mocuba,MZ
hamilton,CA
san juan del sur,NI
katobu,ID
banjar,ID
provideniya,RU
andradas,BR
bose,IT
manzhouli,CN
lockhart,AU
anadyr,RU
bandarbeyla,SO
buchach,UA
pasni,PK
tuktoyaktuk,CA
okha,RU
puerto escondido,MX
ancud,CL
lebu,ET
port lincoln,AU
leningradskiy,RU
kajaani,FI
murray bridge,AU
rocha,UY
tagusao,PH
cobija,BR
port-gentil,GA
te anau,NZ
hami,CN
pahrump,US
fort frances,CA
umtata,ZA
markova,RU
saint-leu,RE
jalu,LY
alice springs,AU
zaraza,VE
dingle,PH
bodden town,KY
griffith,AU
coihaique,CL
sao felix do xingu,BR
santa rosa,AR
goderich,CA
vila velha,BR
rabo de peixe,PT
soyo,AO
cayenne,GF
saldanha,PT
santa ines,EC
hasaki,JP
slave lake,CA
christchurch,NZ
kibakwe,TZ
luderitz,NA
san andres,PH
pangnirtung,CA
san quintin,PH
union,US
dudinka,RU
florida,CU
madikeri,IN
esperance,TT
takoradi,GH
lokomotivnyy,RU
khash,IR
mogok,MM
mikkeli,FI
jiuquan,CN
betafo,MG
aitape,PG
alofi,NU
yulara,AU
kvarkeno,RU
salinopolis,BR
chunhuhub,MX
dunedin,NZ
nioro,GM
upernavik,GL
airai,TL
balkanabat,TM
syumsi,RU
loukhi,RU
baruun-urt,MN
miraflores,CO
gunjur,GM
wajima,JP
buala,SB
acari,BR
banfora,BF
mandera,ET
tshikapa,CD
juneau,US
sidney,US
edd,ER
cockburn town,TC
kizukuri,JP
vung tau,VN
mahon,IE
biltine,TD
ishigaki,JP
morant bay,JM
raduzhnyy,RU
san patricio,PY
hulan ergi,CN
thayetmyo,MM
acapulco,MX
port shepstone,ZA
tautira,PF
la libertad,PE
raymond,US
road town,VG
yar-sale,RU
iwanai,JP
eseka,CM
chiredzi,ZW
tigil,RU
avera,US
muzhi,RU
komsomolskiy,RU
chapais,CA
biak,ID
darhan,MN
daru,SL
onokhoy,RU
leh,IN
banda aceh,ID
alyangula,AU
sorland,NO
fort nelson,CA
boyolangu,ID
datong,CN
vila franca do campo,PT
akureyri,IS
ulladulla,AU
ust-barguzin,RU
pampierstad,ZA
zyryanovsk,KZ
cooma,AU
sfantu gheorghe,RO
carballo,ES
shimoda,JP
novonukutskiy,RU
reguengos de monsaraz,PT
ocean city,US
qinhuangdao,CN
muskegon,US
kargasok,RU
auki,NG
kayseri,TR
quanzhou,CN
nago,IT
medicine hat,CA
cherskiy,RU
santa maria,BR
north bend,US
el alto,BO
geraldton,CA
souillac,FR
la ronge,CA
namibe,AO
westport,IE
juiz de fora,BR
lagos,NG
half moon bay,US
nelson bay,AU
tuatapere,NZ
grindavik,IS
xining,CN
kieta,PG
kalabo,ZM
sambava,MG
wawa,NG
manama,AE
labuan,BN
wexford,US
kyren,RU
boquira,BR
bathsheba,BB
ogbomosho,NG
longyearbyen,NO
diu,IN
shebalino,RU
kalat,PK
hare bay,CA
kirkuk,IQ
tabou,CI
ahipara,NZ
byron bay,AU
isangel,VU
saint-joseph,FR
susuman,RU
plattling,DE
arenapolis,BR
tocopilla,CL
arroyo,US
hastings,NZ
okhotsk,RU
maniitsoq,GL
meulaboh,ID
cartagena del chaira,CO
macau,BR
svodin,SK
victoria,BN
dong xoai,VN
zaysan,KZ
sioux lookout,CA
waipawa,NZ
vila do maio,CV
brae,GB
russkiy aktash,RU
kokstad,ZA
lucapa,AO
birjand,IR
ingham,AU
henties bay,NA
tilichiki,RU
doha,QA
makakilo city,US
lorengau,PG
anan,JP
synya,RU
thanatpin,MM
altagracia de orituco,VE
anqing,CN
nome,US
lahaina,US
hereford,GB
san ramon de la nueva oran,AR
manuk mangkaw,PH
prainha,BR
pacific grove,US
tam ky,VN
atasu,KZ
seshcha,RU
norilsk,RU
los teques,VE
san cristobal,EC
san ramon,NI
horta,ES
poum,MK
sawtell,AU
seoul,KR
plettenberg bay,ZA
oranjestad,AW
belmonte,PT
bundaberg,AU
samarinda,ID
zhezkazgan,KZ
abonnema,NG
narok,KE
muravlenko,RU
necochea,AR
talcahuano,CL
san-pedro,CI
bismarck,US
pinotepa de don luis,MX
mizan teferi,ET
bonfim,BR
oga,NG
bouca,CF
bolobo,CD
nuuk,GL
baylo,PH
fuxin,CN
chernaya kholunitsa,RU
havelock,US
traverse city,US
champoton,MX
mandalgovi,MN
delemont,CH
chauk,MM
kambove,CD
tutoia,BR
touros,BR
babati,TZ
graaff-reinet,ZA
noumea,NC
pilot butte,CA
atar,MR
valenca do piaui,BR
natchez,US
denpasar,ID
loikaw,MM
madaoua,NE
malindi,KE
along,IN
bonito,BR
saint anthony,US
high prairie,CA
high rock,BS
raudeberg,NO
kununurra,AU
mogadishu,SO
mecca,SA
viedma,AR
tomatlan,MX
lyuban,BY
bonavista,CA
hirara,JP
russell,AR
burns lake,CA
hakkari,FI
marzuq,YE
villaviciosa,ES
padang,ID
matam,SN
la seyne-sur-mer,FR
palu,ID
talmenka,RU
tamworth,AU
perth,GB
yabrud,SY
paraiso,MX
veraval,FR
novyy urgal,RU
tongren,CN
